"STATION","NAME","DATE","AWND","DAPR","MDPR","PRCP","SNOW","SNWD","TAVG","TMAX","TMIN","TOBS","WDF2","WDF5","WSF2","WSF5","WT01","WT02","WT03","WT06","WT08"
"USW00094194","REXBURG MADISON CO AIRPORT, ID US","2021-01-01","2.01",,,"0.00",,,,"24","22",,"  170","  170","13.0","18.1","    1",,,,"    1"
"USW00094194","REXBURG MADISON CO AIRPORT, ID US","2021-01-02","4.92",,,"0.06",,,,"27","21",,"  240","  170","14.1","23.0","    1",,,,
"USW00094194","REXBURG MADISON CO AIRPORT, ID US","2021-01-03","7.61",,,"0.08",,,,"34","23",,"  220","  220","21.9","38.0","    1","    1",,,"    1"
"USW00094194","REXBURG MADISON CO AIRPORT, ID US","2021-01-04","3.58",,,"0.13",,,,"37","17",,"  210","  210","18.1","28.0","    1","    1",,,
"USW00094194","REXBURG MADISON CO AIRPORT, ID US","2021-01-05","9.40",,,"0.16",,,,"36","25",,"  210","  200","23.0","32.0","    1",,,,
"USW00094194","REXBURG MADISON CO AIRPORT, ID US","2021-01-06","3.13",,,"0.00",,,,"29","13",,"   60","   50","8.1","10.1",,,,,
"USW00094194","REXBURG MADISON CO AIRPORT, ID US","2021-01-07","4.03",,,"0.00",,,,"30","17",,"  280","  280","13.0","18.1","    1",,,,
"USW00094194","REXBURG MADISON CO AIRPORT, ID US","2021-01-08","4.70",,,"0.00",,,,"32","13",,"   30","   40","8.9","11.0","    1",,,,
"USW00094194","REXBURG MADISON CO AIRPORT, ID US","2021-01-09","2.91",,,"0.00",,,,"21","1",,"   30","   50","8.1","10.1",,,,,
"USW00094194","REXBURG MADISON CO AIRPORT, ID US","2021-01-10","1.57",,,"0.00",,,,"23","11",,"   80","   70","8.1","13.0","    1",,,,
"USW00094194","REXBURG MADISON CO AIRPORT, ID US","2021-01-11","2.91",,,"0.00",,,,"21","4",,"  110","  110","8.9","13.0",,,,,"    1"
"USW00094194","REXBURG MADISON CO AIRPORT, ID US","2021-01-12","3.13",,,"0.09",,,,"28","1",,"   80","  100","8.9","12.1","    1",,,,
"USW00094194","REXBURG MADISON CO AIRPORT, ID US","2021-01-13","5.14",,,"0.03",,,,"40","18",,"  230","  230","28.0","45.0","    1",,,"    1",
"USW00094194","REXBURG MADISON CO AIRPORT, ID US","2021-01-14","3.80",,,"0.00",,,,"29","2",,"  240","  200","12.1","14.1",,,,,
"USW00094194","REXBURG MADISON CO AIRPORT, ID US","2021-01-15","3.13",,,"0.00",,,,"27","2",,"   50","   60","8.1","11.0",,,,,"    1"
"USW00094194","REXBURG MADISON CO AIRPORT, ID US","2021-01-16","2.46",,,"0.00",,,,"26","15",,"  270","  260","8.1","10.1","    1",,,,
"USW00094194","REXBURG MADISON CO AIRPORT, ID US","2021-01-17","1.34",,,"0.00",,,,"25","22",,"  260","  250","6.9","8.1","    1",,,,
"USW00094194","REXBURG MADISON CO AIRPORT, ID US","2021-01-18","4.47",,,"0.00",,,,"27","10",,"  250","  250","12.1","16.1","    1",,,,
"USW00094194","REXBURG MADISON CO AIRPORT, ID US","2021-01-19","4.92",,,"0.00",,,,"24","4",,"   60","   70","12.1","16.1","    1",,,,
"USW00094194","REXBURG MADISON CO AIRPORT, ID US","2021-01-20","3.80",,,"0.00",,,,"25","1",,"   60","   60","6.9","8.9",,,,,
"USW00094194","REXBURG MADISON CO AIRPORT, ID US","2021-01-21","1.12",,,"0.26",,,,"28","16",,"  240","   80","6.0","6.9","    1",,,,
"USW00094194","REXBURG MADISON CO AIRPORT, ID US","2021-01-22","4.03",,,"0.03",,,,"34","16",,"   50","   50","8.1","11.0","    1",,,,
"USW00094194","REXBURG MADISON CO AIRPORT, ID US","2021-01-23","4.03",,,"0.00",,,,"33","12",,"  210","  210","10.1","16.1",,,,,
"USW00094194","REXBURG MADISON CO AIRPORT, ID US","2021-01-24","3.13",,,"0.00",,,,"26","16",,"   30","   60","6.9","10.1",,,,,
"USW00094194","REXBURG MADISON CO AIRPORT, ID US","2021-01-25","4.47",,,"0.00",,,,"23","-1",,"   50","   50","8.1","13.0","    1",,,,
"USW00094194","REXBURG MADISON CO AIRPORT, ID US","2021-01-26","2.91",,,"0.00",,,,"22","-6",,"  240","  200","10.1","13.0","    1",,,,
"USW00094194","REXBURG MADISON CO AIRPORT, ID US","2021-01-27","8.28",,,"0.01",,,,"32","12",,"  200","  200","19.9","30.0","    1",,,,"    1"
"USW00094194","REXBURG MADISON CO AIRPORT, ID US","2021-01-28","7.38",,,"0.02",,,,"38","29",,"  190","  180","19.9","30.0","    1",,,,
"USW00094194","REXBURG MADISON CO AIRPORT, ID US","2021-01-29","7.61",,,"0.06",,,,"40","33",,"  180","  190","21.9","33.1","    1",,,,
"USW00094194","REXBURG MADISON CO AIRPORT, ID US","2021-01-30","10.96",,,"0.04",,,,"35","24",,"  210","  200","19.9","28.0","    1",,,,
"USW00094194","REXBURG MADISON CO AIRPORT, ID US","2021-01-31","3.58",,,"0.00",,,,"33","10",,"   70","   40","8.9","11.0","    1",,,,"    1"
"USW00094194","REXBURG MADISON CO AIRPORT, ID US","2021-02-01","2.68",,,"0.00",,,,"34","8",,"   70","   60","8.1","10.1",,,,,"    1"
"USW00094194","REXBURG MADISON CO AIRPORT, ID US","2021-02-02","5.14",,,"0.00",,,,"42","22",,"  180","  170","17.0","25.9","    1",,,,"    1"
"USW00094194","REXBURG MADISON CO AIRPORT, ID US","2021-02-03","13.42",,,"0.08",,,,"35","25",,"  220","  210","28.0","38.9","    1","    1",,,
"USW00094194","REXBURG MADISON CO AIRPORT, ID US","2021-02-04","9.40",,,"0.00",,,,"28","17",,"  200","  210","18.1","27.1","    1",,,,
"USW00094194","REXBURG MADISON CO AIRPORT, ID US","2021-02-05","8.50",,,"0.00",,,,"33","23",,"  220","  220","17.0","25.9","    1",,,,
"USW00094194","REXBURG MADISON CO AIRPORT, ID US","2021-02-06","11.86",,,"0.00",,,,"37","24",,"  210","  230","23.9","36.0",,,,,
"USW00094194","REXBURG MADISON CO AIRPORT, ID US","2021-02-07","9.40",,,"0.00",,,,"36","11",,"  220","  220","18.1","25.1",,,,,
"USW00094194","REXBURG MADISON CO AIRPORT, ID US","2021-02-08","4.47",,,"0.00",,,,"32","3",,"  240","  210","13.0","18.1",,,,,
"USW00094194","REXBURG MADISON CO AIRPORT, ID US","2021-02-09","3.13",,,"0.00",,,,"26","5",,"  260","  240","12.1","17.0",,,,,
"USW00094194","REXBURG MADISON CO AIRPORT, ID US","2021-02-10","3.13",,,"0.00",,,,"29","-2",,"  210","  200","10.1","14.1",,,,,
"USW00094194","REXBURG MADISON CO AIRPORT, ID US","2021-02-11","3.80",,,"0.00",,,,"27","2",,"   40","   30","8.1","13.0","    1",,,,
"USW00094194","REXBURG MADISON CO AIRPORT, ID US","2021-02-12","9.40",,,"0.04",,,,"21","7",,"   40","   40","16.1","21.9","    1",,,"    1","    1"
"USW00094194","REXBURG MADISON CO AIRPORT, ID US","2021-02-13","8.05",,,"0.05",,,,"24","8",,"   40","   10","14.1","19.9","    1",,,,"    1"
"USW00094194","REXBURG MADISON CO AIRPORT, ID US","2021-02-14","4.70",,,"0.00",,,,"17","2",,"   70","   70","10.1","15.0","    1",,,,"    1"
"USW00094194","REXBURG MADISON CO AIRPORT, ID US","2021-02-15","2.91",,,"0.19",,,,"25","15",,"   70","   70","6.0","8.1","    1",,,,
"USW00094194","REXBURG MADISON CO AIRPORT, ID US","2021-02-16","4.03",,,"0.00",,,,"29","20",,"  210","  200","12.1","16.1","    1",,,,
"USW00094194","REXBURG MADISON CO AIRPORT, ID US","2021-02-17","7.16",,,"0.00",,,,"28","15",,"  230","  230","14.1","17.0",,,,,
"USW00094194","REXBURG MADISON CO AIRPORT, ID US","2021-02-18","4.92",,,"0.00",,,,"24","15",,"  230","  210","14.1","19.0","    1",,,,
"USW00094194","REXBURG MADISON CO AIRPORT, ID US","2021-02-19","8.05",,,"0.04",,,,"33","22",,"  190","  180","16.1","23.0","    1",,,,
"USW00094194","REXBURG MADISON CO AIRPORT, ID US","2021-02-20","6.93",,,"0.26",,,,"34","21",,"  220","  210","21.0","33.1","    1","    1",,,
"USW00094194","REXBURG MADISON CO AIRPORT, ID US","2021-02-21","12.97",,,"0.00",,,,"30","15",,"  200","  200","19.9","29.1","    1",,,,
"USW00094194","REXBURG MADISON CO AIRPORT, ID US","2021-02-22","14.54",,,"0.00",,,,"39","25",,"  200","  190","23.9","38.9",,,,,
"USW00094194","REXBURG MADISON CO AIRPORT, ID US","2021-02-23","9.17",,,"0.00",,,,"38","11",,"  210","  220","31.1","51.0",,,,,
"USW00094194","REXBURG MADISON CO AIRPORT, ID US","2021-02-24","3.80",,,"0.00",,,,"32","1",,"   50","   50","10.1","14.1",,,,,
"USW00094194","REXBURG MADISON CO AIRPORT, ID US","2021-02-25","7.83",,,"0.00",,,,"28","-6",,"  230","  230","21.0","28.0",,,,,
"USW00094194","REXBURG MADISON CO AIRPORT, ID US","2021-02-26","12.53",,,"0.01",,,,"30","19",,"  210","  210","23.9","36.9","    1",,,,
"USW00094194","REXBURG MADISON CO AIRPORT, ID US","2021-02-27","7.61",,,"0.00",,,,"29","5",,"  230","  220","16.1","21.9",,,,,
"USW00094194","REXBURG MADISON CO AIRPORT, ID US","2021-02-28","4.03",,,"0.00",,,,"29","0",,"  230","  220","14.1","18.1","    1",,,,
"USW00094194","REXBURG MADISON CO AIRPORT, ID US","2021-03-01","2.91",,,"0.00",,,,"35","11",,"   50","   50","8.9","13.0",,,,,
"USW00094194","REXBURG MADISON CO AIRPORT, ID US","2021-03-02","5.14",,,"0.00",,,,"37","7",,"   60","   50","8.9","12.1",,,,,
"USW00094194","REXBURG MADISON CO AIRPORT, ID US","2021-03-03","4.25",,,"0.00",,,,"42","9",,"   50","   60","8.1","10.1",,,,,
"USW00094194","REXBURG MADISON CO AIRPORT, ID US","2021-03-04","4.25",,,"0.00",,,,"44","14",,"  200","  200","12.1","16.1",,,,,
"USW00094194","REXBURG MADISON CO AIRPORT, ID US","2021-03-05","3.80",,,"0.00",,,,"44","15",,"   60","   50","8.1","8.9",,,,,
"USW00094194","REXBURG MADISON CO AIRPORT, ID US","2021-03-06","7.38",,,"0.00",,,,"49","19",,"  240","  240","21.0","31.1",,,,,
"USW00094194","REXBURG MADISON CO AIRPORT, ID US","2021-03-07","6.04",,,"0.00",,,,"40","23",,"  200","  190","15.0","21.0",,,,,
"USW00094194","REXBURG MADISON CO AIRPORT, ID US","2021-03-08","5.82",,,"0.03",,,,"48","21",,"  200","  220","21.0","30.0","    1",,,,
"USW00094194","REXBURG MADISON CO AIRPORT, ID US","2021-03-09","10.29",,,"0.00",,,,"39","26",,"  200","  190","23.0","40.0",,,,,
"USW00094194","REXBURG MADISON CO AIRPORT, ID US","2021-03-10","4.25",,,"0.00",,,,"38","19",,"  240","  220","8.9","13.0",,,,,
"USW00094194","REXBURG MADISON CO AIRPORT, ID US","2021-03-11","4.70",,,"0.00",,,,"43","13",,"   60","   70","10.1","15.0",,,,,
"USW00094194","REXBURG MADISON CO AIRPORT, ID US","2021-03-12","3.58",,,"0.00",,,,"41","10",,"   60","   50","8.9","12.1",,,,,
"USW00094194","REXBURG MADISON CO AIRPORT, ID US","2021-03-13","4.92",,,"0.00",,,,"50","10",,"   60","   20","10.1","16.1",,,,,
"USW00094194","REXBURG MADISON CO AIRPORT, ID US","2021-03-14","6.04",,,"0.00",,,,"49","28",,"   10","   10","12.1","16.1",,,,,
"USW00094194","REXBURG MADISON CO AIRPORT, ID US","2021-03-15","4.25",,,"0.00",,,,"45","24",,"   60","   90","8.9","12.1",,,,,
"USW00094194","REXBURG MADISON CO AIRPORT, ID US","2021-03-16","4.92",,,"0.00",,,,"50","29",,"  350","  360","14.1","21.9",,,,,
"USW00094194","REXBURG MADISON CO AIRPORT, ID US","2021-03-17","4.03",,,"0.00",,,,"44","22",,"   60","   60","13.0","16.1",,,,,
"USW00094194","REXBURG MADISON CO AIRPORT, ID US","2021-03-18","5.14",,,"0.00",,,,"53","26",,"   60","  160","13.0","18.1",,,,,"    1"
"USW00094194","REXBURG MADISON CO AIRPORT, ID US","2021-03-19","4.70",,,"0.08",,,,"56","29",,"  270","  270","15.0","19.9",,,,,
"USW00094194","REXBURG MADISON CO AIRPORT, ID US","2021-03-20","6.71",,,"0.75",,,,"40","31",,"  210","  190","17.0","27.1","    1",,,,
"USW00094194","REXBURG MADISON CO AIRPORT, ID US","2021-03-21","6.49",,,"0.01",,,,"40","23",,"  180","  190","12.1","19.0","    1",,,,
"USW00094194","REXBURG MADISON CO AIRPORT, ID US","2021-03-22","9.17",,,"0.14",,,,"34","29",,"  210","  200","17.0","25.9","    1",,,,"    1"
"USW00094194","REXBURG MADISON CO AIRPORT, ID US","2021-03-23","7.16",,,"0.00",,,,"44","23",,"   10","  350","19.9","30.0","    1","    1",,,
"USW00094194","REXBURG MADISON CO AIRPORT, ID US","2021-03-24","8.72",,,"0.00",,,,"40","16",,"  240","  240","19.9","29.1",,,,,
"USW00094194","REXBURG MADISON CO AIRPORT, ID US","2021-03-25","6.49",,,"0.18",,,,"38","30",,"  190","  200","18.1","27.1","    1","    1",,,"    1"
"USW00094194","REXBURG MADISON CO AIRPORT, ID US","2021-03-26","3.36",,,"0.00",,,,"44","26",,"  160","  120","8.9","14.1",,,,,
"USW00094194","REXBURG MADISON CO AIRPORT, ID US","2021-03-27","9.40",,,"0.00",,,,"53","30",,"  230","  180","18.1","25.1",,,,,
"USW00094194","REXBURG MADISON CO AIRPORT, ID US","2021-03-28","14.54",,,"0.00",,,,"63","35",,"  210","  240","30.0","44.1",,,,,
"USW00094194","REXBURG MADISON CO AIRPORT, ID US","2021-03-29","15.43",,,"0.00",,,,"55","23",,"  230","  230","35.1","55.9",,,,,
"USW00094194","REXBURG MADISON CO AIRPORT, ID US","2021-03-30","4.70",,,"0.00",,,,"41","16",,"  220","  220","17.0","23.0",,,,,
"USW00094194","REXBURG MADISON CO AIRPORT, ID US","2021-03-31","5.37",,,"0.00",,,,"47","16",,"  240","  230","14.1","21.9",,,,,
"USW00094194","REXBURG MADISON CO AIRPORT, ID US","2021-04-01","5.37",,,"0.00",,,,"55","22",,"   60","   70","13.0","19.0",,,,,"    1"
"USW00094194","REXBURG MADISON CO AIRPORT, ID US","2021-04-02","8.50",,,"0.00",,,,"68","27",,"  210","  210","19.9","32.0",,,,,
"USW00094194","REXBURG MADISON CO AIRPORT, ID US","2021-04-03","6.26",,,"0.00",,,,"72","32",,"  200","  210","18.1","25.9",,,,,
"USW00094194","REXBURG MADISON CO AIRPORT, ID US","2021-04-04","9.84",,,"0.00",,,,"72","37",,"  240","  240","28.0","38.9",,,,,
"USW00094194","REXBURG MADISON CO AIRPORT, ID US","2021-04-05","10.07",,,"0.19",,,,"54","33",,"  260","  200","21.9","31.1","    1",,,,
"USW00094194","REXBURG MADISON CO AIRPORT, ID US","2021-04-06","7.61",,,"0.17",,,,"44","31",,"  200","  210","16.1","23.0","    1",,,,
"USW00094194","REXBURG MADISON CO AIRPORT, ID US","2021-04-07","6.49",,,"0.00",,,,"57","28",,"  180","  160","18.1","30.0","    1",,,,
"USW00094194","REXBURG MADISON CO AIRPORT, ID US","2021-04-08","14.54",,,"0.00",,,,"54","32",,"  240","  230","40.9","62.0",,,,,
"USW00094194","REXBURG MADISON CO AIRPORT, ID US","2021-04-09","5.59",,,"0.00",,,,"49","24",,"  220","  320","14.1","21.9",,,,,
"USW00094194","REXBURG MADISON CO AIRPORT, ID US","2021-04-10","16.78",,,"0.00",,,,"61","25",,"  240","  240","46.1","67.1",,,,,"    1"
"USW00094194","REXBURG MADISON CO AIRPORT, ID US","2021-04-11","5.82",,,"0.00",,,,"46","28",,"   10","   10","16.1","25.1",,,,,
"USW00094194","REXBURG MADISON CO AIRPORT, ID US","2021-04-12","8.72",,,"0.00",,,,"48","25",,"   30","   30","18.1","27.1",,,,,
"USW00094194","REXBURG MADISON CO AIRPORT, ID US","2021-04-13","16.55",,,"0.00",,,,"51","29",,"   20","   40","25.1","40.0",,,,,
"USW00094194","REXBURG MADISON CO AIRPORT, ID US","2021-04-14","12.97",,,"0.00",,,,"48","29",,"   40","   20","23.0","34.0",,,,,
"USW00094194","REXBURG MADISON CO AIRPORT, ID US","2021-04-15","7.38",,,"0.08",,,,"49","31",,"   30","   50","18.1","27.1","    1",,,,
"USW00094194","REXBURG MADISON CO AIRPORT, ID US","2021-04-16","11.63",,,"0.00",,,,"53","30",,"   40","   20","19.9","33.1",,,,,
"USW00094194","REXBURG MADISON CO AIRPORT, ID US","2021-04-17","6.26",,,"0.00",,,,"60","27",,"   40","   30","14.1","27.1",,,,,
"USW00094194","REXBURG MADISON CO AIRPORT, ID US","2021-04-18","6.93",,,"0.00",,,,"65","27",,"  210","  210","19.9","29.1",,,,,
"USW00094194","REXBURG MADISON CO AIRPORT, ID US","2021-04-19","13.42",,,"0.00",,,,"48","26",,"   10","   20","23.9","35.1","    1",,,,
"USW00094194","REXBURG MADISON CO AIRPORT, ID US","2021-04-20","5.82",,,"0.00",,,,"50","19",,"   50","   70","16.1","25.1",,,,,
"USW00094194","REXBURG MADISON CO AIRPORT, ID US","2021-04-21","6.04",,,"0.00",,,,"58","26",,"   20","  330","14.1","21.9",,,,,
"USW00094194","REXBURG MADISON CO AIRPORT, ID US","2021-04-22","8.72",,,"0.05",,,,"61","23",,"  230","  220","28.0","47.0",,,,,"    1"
"USW00094194","REXBURG MADISON CO AIRPORT, ID US","2021-04-23","7.16",,,"0.00",,,,"57","35",,"  200","  210","17.0","27.1",,,,,
"USW00094194","REXBURG MADISON CO AIRPORT, ID US","2021-04-24","14.32",,,"0.00",,,,"59","44",,"  190","  240","25.9","40.0",,,,,
"USW00094194","REXBURG MADISON CO AIRPORT, ID US","2021-04-25","10.96",,,"0.07",,,,"49","42",,"  200","  210","19.9","28.0",,,,,
"USW00094194","REXBURG MADISON CO AIRPORT, ID US","2021-04-26","5.82",,,"0.46",,,,"53","36",,"  220","  240","13.0","19.0","    1",,,,
"USW00094194","REXBURG MADISON CO AIRPORT, ID US","2021-04-27","6.93",,,"0.01",,,,"59","37",,"  200","  200","15.0","19.9","    1",,,,
"USW00094194","REXBURG MADISON CO AIRPORT, ID US","2021-04-28","8.05",,,"0.00",,,,"66","34",,"  180","  180","16.1","23.0",,,,,
"USW00094194","REXBURG MADISON CO AIRPORT, ID US","2021-04-29","6.71",,,"0.00",,,,"72","35",,"  200","  200","14.1","21.0",,,,,
"USW00094194","REXBURG MADISON CO AIRPORT, ID US","2021-04-30","8.95",,,"0.00",,,,"82","43",,"  240","  210","21.9","33.1",,,,,
"USW00094194","REXBURG MADISON CO AIRPORT, ID US","2021-05-01","8.50",,,"0.00",,,,"74","47",,"  210","  200","25.9","42.1",,,,,"    1"
"USW00094194","REXBURG MADISON CO AIRPORT, ID US","2021-05-02","7.61",,,"0.01",,,,"64","43",,"   30","   20","18.1","29.1",,,,,
"USW00094194","REXBURG MADISON CO AIRPORT, ID US","2021-05-03","5.59",,,"0.00",,,,"61","42",,"  240","  240","18.1","27.1",,,,,
"USW00094194","REXBURG MADISON CO AIRPORT, ID US","2021-05-04","7.61",,,"0.00",,,,"58","41",,"  230","   10","21.9","34.0",,,"    1",,
"USW00094194","REXBURG MADISON CO AIRPORT, ID US","2021-05-05","4.25",,,"0.00",,,,"66","34",,"  210","  200","15.0","23.9",,,,,
"USW00094194","REXBURG MADISON CO AIRPORT, ID US","2021-05-06","4.92",,,"0.00",,,,"79","36",,"  240","  240","17.0","23.9",,,,,
"USW00094194","REXBURG MADISON CO AIRPORT, ID US","2021-05-07","15.66",,,"0.00",,,,"74","47",,"  260","  260","31.1","42.1",,,,,
"USW00094194","REXBURG MADISON CO AIRPORT, ID US","2021-05-08","6.93",,,"0.00",,,,"53","36",,"  230","  230","23.9","35.1",,,,,
"USW00094194","REXBURG MADISON CO AIRPORT, ID US","2021-05-09","4.92",,,"0.00",,,,"56","26",,"  230","  240","15.0","21.9",,,,,
"USW00094194","REXBURG MADISON CO AIRPORT, ID US","2021-05-10","3.36",,,"0.18",,,,"57","29",,"   30","   40","23.0","34.0","    1",,"    1",,
"USW00094194","REXBURG MADISON CO AIRPORT, ID US","2021-05-11","4.92",,,"0.00",,,,"59","35",,"  360","  360","16.1","23.9",,,,,
"USW00094194","REXBURG MADISON CO AIRPORT, ID US","2021-05-12","6.49",,,"0.00",,,,"67","37",,"  200","  200","17.0","23.9",,,,,
"USW00094194","REXBURG MADISON CO AIRPORT, ID US","2021-05-13","5.82",,,"0.00",,,,"75","45",,"  210","  200","25.9","38.9",,,,,
"USW00094194","REXBURG MADISON CO AIRPORT, ID US","2021-05-14","6.04",,,"0.00",,,,"75","47",,"  260","  260","19.9","29.1",,,,,
"USW00094194","REXBURG MADISON CO AIRPORT, ID US","2021-05-15","7.83",,,"0.00",,,,"67","45",,"  180","  160","21.9","33.1",,,,,
"USW00094194","REXBURG MADISON CO AIRPORT, ID US","2021-05-16","6.04",,,"0.00",,,,"78","41",,"  260","  170","21.9","28.0",,,"    1",,
"USW00094194","REXBURG MADISON CO AIRPORT, ID US","2021-05-17","5.59",,,"0.00",,,,"77","43",,"  200","  210","14.1","19.9",,,,,
"USW00094194","REXBURG MADISON CO AIRPORT, ID US","2021-05-18","13.42",,,"0.00",,,,"78","49",,"  240","  230","30.0","44.1",,,,,
"USW00094194","REXBURG MADISON CO AIRPORT, ID US","2021-05-19","9.17",,,"0.00",,,,"75","46",,"  240","  240","23.0","31.1",,,,,
"USW00094194","REXBURG MADISON CO AIRPORT, ID US","2021-05-20","7.83",,,"0.03",,,,"62","40",,"  230","  220","18.1","25.9",,,,,
"USW00094194","REXBURG MADISON CO AIRPORT, ID US","2021-05-21","9.62",,,"0.62",,,,"54","39",,"   30","  360","21.0","29.1","    1",,,,
"USW00094194","REXBURG MADISON CO AIRPORT, ID US","2021-05-22","5.59",,,"0.01",,,,"62","37",,"  280","  280","18.1","30.0",,,,,
"USW00094194","REXBURG MADISON CO AIRPORT, ID US","2021-05-23","14.32",,,"0.85",,,,"56","34",,"  210","  210","25.9","42.1","    1",,,,
"USW00094194","REXBURG MADISON CO AIRPORT, ID US","2021-05-24","17.45",,,"0.00",,,,"60","44",,"  210","  240","29.1","42.9",,,,,
"USW00094194","REXBURG MADISON CO AIRPORT, ID US","2021-05-25","8.50",,,"0.22",,,,"67","44",,"  220","  220","32.0","48.1","    1",,"    1",,
"USW00094194","REXBURG MADISON CO AIRPORT, ID US","2021-05-26","9.84",,,"0.00",,,,"63","46",,"  220","  230","23.0","38.9",,,,,
"USW00094194","REXBURG MADISON CO AIRPORT, ID US","2021-05-27","7.61",,,"0.00",,,,"73","39",,"  200","  200","18.1","28.0",,,,,
"USW00094194","REXBURG MADISON CO AIRPORT, ID US","2021-05-28","14.99",,,"0.00",,,,"71","51",,"  210","  200","30.0","42.9",,,,,
"USW00094194","REXBURG MADISON CO AIRPORT, ID US","2021-05-29","2.91",,,"0.00",,,,"70","36",,"  190","  280","10.1","17.0",,,,,
"USW00094194","REXBURG MADISON CO AIRPORT, ID US","2021-05-30","4.92",,,"0.00",,,,"76","42",,"   40","   40","15.0","19.9",,,,,
"USW00094194","REXBURG MADISON CO AIRPORT, ID US","2021-05-31","4.03",,,"0.00",,,,"79","42",,"  190","  260","12.1","19.0",,,,,
"USW00094194","REXBURG MADISON CO AIRPORT, ID US","2021-06-01","3.80",,,"0.00",,,,"80","46",,"  220","  210","10.1","14.1",,,,,
"USW00094194","REXBURG MADISON CO AIRPORT, ID US","2021-06-02","3.36",,,"0.00",,,,"85","49",,"  210","  250","8.9","17.0",,,,,
"USW00094194","REXBURG MADISON CO AIRPORT, ID US","2021-06-03","3.80",,,"0.00",,,,"90","53",,"  240","  180","12.1","15.0",,,,,
"USW00094194","REXBURG MADISON CO AIRPORT, ID US","2021-06-04","8.05",,,"0.00",,,,"91","53",,"  210","  200","21.0","32.0",,,,,
"USW00094194","REXBURG MADISON CO AIRPORT, ID US","2021-06-05","13.20",,,"0.00",,,,"86","59",,"  240","  220","35.1","48.1",,,,,
"USW00094194","REXBURG MADISON CO AIRPORT, ID US","2021-06-06","11.86",,,"0.00",,,,"76","53",,"  220","  220","23.0","36.9",,,,,
"USW00094194","REXBURG MADISON CO AIRPORT, ID US","2021-06-07","9.40",,,"0.00",,,,"78","52",,"  210","  210","21.0","29.1",,,,,
"USW00094194","REXBURG MADISON CO AIRPORT, ID US","2021-06-08","8.05",,,"0.00",,,,"82","59",,"  240","  250","21.0","27.1",,,,,
"USW00094194","REXBURG MADISON CO AIRPORT, ID US","2021-06-09","6.71",,,"0.00",,,,"83","51",,"  230","  180","15.0","23.0",,,,,
"USW00094194","REXBURG MADISON CO AIRPORT, ID US","2021-06-10","15.43",,,"0.00",,,,"65","43",,"  240","  220","29.1","42.1",,,,,
"USW00094194","REXBURG MADISON CO AIRPORT, ID US","2021-06-11","5.82",,,"0.00",,,,"70","36",,"  240","  220","18.1","29.1",,,,,
"USW00094194","REXBURG MADISON CO AIRPORT, ID US","2021-06-12","5.82",,,"0.00",,,,"82","42",,"  210","  190","18.1","25.9",,,,,
"USW00094194","REXBURG MADISON CO AIRPORT, ID US","2021-06-13","3.58",,,"0.00",,,,"94","48",,"  160","  150","10.1","15.0",,,,,
"USW00094194","REXBURG MADISON CO AIRPORT, ID US","2021-06-14","4.03",,,"0.00",,,,"93","49",,"  240","  210","12.1","18.1",,,,,
"USW00094194","REXBURG MADISON CO AIRPORT, ID US","2021-06-15","8.50",,,"0.00",,,,"90","53",,"  230","  240","19.9","27.1",,,,,
"USW00094194","REXBURG MADISON CO AIRPORT, ID US","2021-06-16","11.41",,,"0.00",,,,"84","56",,"  210","  180","18.1","29.1",,,,,
"USW00094194","REXBURG MADISON CO AIRPORT, ID US","2021-06-17","8.50",,,"0.00",,,,"85","58",,"  180","  190","17.0","23.9",,,,,
"USW00094194","REXBURG MADISON CO AIRPORT, ID US","2021-06-18","4.92",,,"0.00",,,,"88","52",,"  210","  200","12.1","17.0",,,,,"    1"
"USW00094194","REXBURG MADISON CO AIRPORT, ID US","2021-06-19","6.93",,,"0.00",,,,"91","51",,"  200","  200","25.1","36.9",,,,,
"USW00094194","REXBURG MADISON CO AIRPORT, ID US","2021-06-20","6.93",,,"0.00",,,,"82","49",,"   30","   20","21.0","29.1",,,,,
"USW00094194","REXBURG MADISON CO AIRPORT, ID US","2021-06-21","5.59",,,"0.00",,,,"85","48",,"  210","  220","15.0","19.9",,,,,
"USW00094194","REXBURG MADISON CO AIRPORT, ID US","2021-06-22","4.92",,,"0.00",,,,"91","52",,"   40","   40","17.0","25.9",,,,,
"USW00094194","REXBURG MADISON CO AIRPORT, ID US","2021-06-23","10.29",,,"0.00",,,,"87","58",,"  350","  360","21.0","36.0",,,,,"    1"
"USW00094194","REXBURG MADISON CO AIRPORT, ID US","2021-06-24",,,,"0.04",,,,"81","53",,,,,,,,,,
"USW00094194","REXBURG MADISON CO AIRPORT, ID US","2021-06-25",,,,"0.00",,,,"79","53",,,,,,,,,,
"USW00094194","REXBURG MADISON CO AIRPORT, ID US","2021-06-26",,,,"0.00",,,,"83","56",,,,,,,,,,
"USW00094194","REXBURG MADISON CO AIRPORT, ID US","2021-06-27",,,,"0.00",,,,"86","52",,,,,,,,,,
"USC00107644","REXBURG BYU IDAHO, ID US","2021-01-01",,,,"0.00","0.0","8.0",,"27","22","23",,,,,,,,,
"USC00107644","REXBURG BYU IDAHO, ID US","2021-01-02",,,,"0.01","0.8","8.0",,"27","21","25",,,,,,,,,
"USC00107644","REXBURG BYU IDAHO, ID US","2021-01-03",,,,"0.02",,"9.0",,"33","25","33",,,,,,,,,
"USC00107644","REXBURG BYU IDAHO, ID US","2021-01-04",,,,"0.01","0.1","8.0",,"35","17","32",,,,,,,,,
"USC00107644","REXBURG BYU IDAHO, ID US","2021-01-05",,,,"0.08","0.6","9.0",,"38","26","27",,,,,,,,,
"USC00107644","REXBURG BYU IDAHO, ID US","2021-01-06",,,,"0.00","0.0","9.0",,"31","16","19",,,,,,,,,
"USC00107644","REXBURG BYU IDAHO, ID US","2021-01-07",,,,,,,,"29","17",,,,,,,,,,
"USC00107644","REXBURG BYU IDAHO, ID US","2021-01-08",,,,"0.00","0.0","8.0",,"34","19","27",,,,,,,,,
"USC00107644","REXBURG BYU IDAHO, ID US","2021-01-09",,,,"0.00","0.0","8.0",,"27","3","17",,,,,,,,,
"USC00107644","REXBURG BYU IDAHO, ID US","2021-01-10",,,,"0.00","0.0","8.0",,"23","9","22",,,,,,,,,
"USC00107644","REXBURG BYU IDAHO, ID US","2021-01-11",,,,"0.00","0.0","8.0",,"23","10","14",,,,,,,,,
"USC00107644","REXBURG BYU IDAHO, ID US","2021-01-13",,,,,,,,"38","6",,,,,,,,,,
"USC00107644","REXBURG BYU IDAHO, ID US","2021-01-14",,,,,,,,"31","19",,,,,,,,,,
"USC00107644","REXBURG BYU IDAHO, ID US","2021-01-15",,,,,,,,"28","22",,,,,,,,,,
"USC00107644","REXBURG BYU IDAHO, ID US","2021-01-16",,,,,,,,"25","3",,,,,,,,,,
"USC00107644","REXBURG BYU IDAHO, ID US","2021-01-17",,,,,,,,"26","6",,,,,,,,,,
"USC00107644","REXBURG BYU IDAHO, ID US","2021-01-18",,,,,,,,"25","4",,,,,,,,,,
"USC00107644","REXBURG BYU IDAHO, ID US","2021-01-19",,,,,,,,"27","18",,,,,,,,,,
"USC00107644","REXBURG BYU IDAHO, ID US","2021-01-20",,,,,,,,"27","24",,,,,,,,,,
"USC00107644","REXBURG BYU IDAHO, ID US","2021-01-22",,,,,,,,"33","18",,,,,,,,,,
"USC00107644","REXBURG BYU IDAHO, ID US","2021-01-23",,,,,,,,"27","3",,,,,,,,,,
"USC00107644","REXBURG BYU IDAHO, ID US","2021-01-24",,,,,,,,"27","13",,,,,,,,,,
"USC00107644","REXBURG BYU IDAHO, ID US","2021-01-25",,,,,,,,"24","22",,,,,,,,,,
"USC00107644","REXBURG BYU IDAHO, ID US","2021-01-26",,,,,,"9.0",,"22","-1","18",,,,,,,,,
"USC00107644","REXBURG BYU IDAHO, ID US","2021-01-27",,,,"0.02","0.9","8.0",,"28","17","28",,,,,,,,,
"USC00107644","REXBURG BYU IDAHO, ID US","2021-01-28",,,,"0.00","0.0","7.0",,"36","28","34",,,,,,,,,
"USC00107644","REXBURG BYU IDAHO, ID US","2021-01-29",,,,"0.00","0.0","5.0",,"40","33","34",,,,,,,,,
"USC00107644","REXBURG BYU IDAHO, ID US","2021-01-30",,,,"0.03","1.0","6.0",,"35","27","28",,,,,,,,,
"USC00107644","REXBURG BYU IDAHO, ID US","2021-01-31",,,,"0.00","0.0","6.0",,"36","20","26",,,,,,,,,
"USC00107644","REXBURG BYU IDAHO, ID US","2021-02-01",,,,"0.00","0.0","6.0",,"26","11","22",,,,,,,,,
"USC00107644","REXBURG BYU IDAHO, ID US","2021-02-02",,,,"0.00","0.0","6.0",,"45","22","39",,,,,,,,,
"USC00107644","REXBURG BYU IDAHO, ID US","2021-02-03",,,,"0.05","2.0","7.0",,"44","26","27",,,,,,,,,
"USC00107644","REXBURG BYU IDAHO, ID US","2021-02-04",,,,"0.00","0.0","7.0",,"29","18","26",,,,,,,,,
"USC00107644","REXBURG BYU IDAHO, ID US","2021-02-05",,,,"0.00","0.0","7.0",,"33","22","32",,,,,,,,,
"USC00107644","REXBURG BYU IDAHO, ID US","2021-02-06",,,,"0.00","0.0","7.0",,"36","22","33",,,,,,,,,
"USC00107644","REXBURG BYU IDAHO, ID US","2021-02-07",,,,"0.00","0.0","7.0",,"36","21","32",,,,,,,,,
"USC00107644","REXBURG BYU IDAHO, ID US","2021-02-08",,,,"0.00","0.0","7.0",,"34","9","25",,,,,,,,,
"USC00107644","REXBURG BYU IDAHO, ID US","2021-02-09",,,,"0.00","0.0","7.0",,"31","8","18",,,,,,,,,
"USC00107644","REXBURG BYU IDAHO, ID US","2021-02-10",,,,"0.00","0.0","7.0",,"32","3","22",,,,,,,,,
"USC00107644","REXBURG BYU IDAHO, ID US","2021-02-11",,,,"0.00","0.0","6.0",,"33","14","25",,,,,,,,,
"USC00107644","REXBURG BYU IDAHO, ID US","2021-02-12",,,,,"0.8","7.0",,"26","10","14",,,,,,,,,
"USC00107644","REXBURG BYU IDAHO, ID US","2021-02-13",,"    2","0.05",,"0.9","8.0",,"23","6","14",,,,,,,,,
"USC00107644","REXBURG BYU IDAHO, ID US","2021-02-14",,,,"0.04","0.0","8.0",,"22","3","15",,,,,,,,,
"USC00107644","REXBURG BYU IDAHO, ID US","2021-02-15",,,,"0.06","2.2","10.0",,"24","13","22",,,,,,,,,
"USC00107644","REXBURG BYU IDAHO, ID US","2021-02-16",,,,"0.00","0.0","10.0",,"29","19","26",,,,,,,,,
"USC00107644","REXBURG BYU IDAHO, ID US","2021-02-17",,,,"0.00","0.0","10.0",,"29","20","24",,,,,,,,,
"USC00107644","REXBURG BYU IDAHO, ID US","2021-02-18",,,,"0.00","0.0","10.0",,"27","15","20",,,,,,,,,
"USC00107644","REXBURG BYU IDAHO, ID US","2021-02-19",,,,"0.03","0.8","9.0",,"30","18","30",,,,,,,,,
"USC00107644","REXBURG BYU IDAHO, ID US","2021-02-20",,,,"0.09","2.1","10.0",,"34","25","28",,,,,,,,,
"USC00107644","REXBURG BYU IDAHO, ID US","2021-02-22",,"    2","0.00",,"0.0","8.0",,"38","26","37",,,,,,,,,
"USC00107644","REXBURG BYU IDAHO, ID US","2021-02-23",,,,"0.00","0.0","8.0",,"37",,"21",,,,,,,,,
"USC00107644","REXBURG BYU IDAHO, ID US","2021-02-24",,,,"0.00","0.0","8.0",,"25","4","25",,,,,,,,,
"USC00107644","REXBURG BYU IDAHO, ID US","2021-02-25",,,,"0.00","0.0","8.0",,"25","-2","25",,,,,,,,,
"USC00107644","REXBURG BYU IDAHO, ID US","2021-02-26",,,,"0.00","0.0","8.0",,"28","19","27",,,,,,,,,
"USC00107644","REXBURG BYU IDAHO, ID US","2021-02-27",,,,"0.00","0.0","8.0",,"29","16","20",,,,,,,,,
"USC00107644","REXBURG BYU IDAHO, ID US","2021-02-28",,,,"0.00","0.0","8.0",,"27","8","22",,,,,,,,,
"USC00107644","REXBURG BYU IDAHO, ID US","2021-03-01",,,,"0.00","0.0","8.0",,"34","17","23",,,,,,,,,
"USC00107644","REXBURG BYU IDAHO, ID US","2021-03-02",,,,"0.00","0.0","8.0",,"33","9","27",,,,,,,,,
"USC00107644","REXBURG BYU IDAHO, ID US","2021-03-03",,,,"0.00","0.0",,,"43","10","38",,,,,,,,,
"USC00107644","REXBURG BYU IDAHO, ID US","2021-03-04",,,,"0.00","0.0","7.0",,"42","17","39",,,,,,,,,
"USC00107644","REXBURG BYU IDAHO, ID US","2021-03-05",,,,"0.00","0.0","5.0",,"42","17","37",,,,,,,,,
"USC00107644","REXBURG BYU IDAHO, ID US","2021-03-06",,,,"0.00","0.0","3.0",,"48","21","39",,,,,,,,,
"USC00107644","REXBURG BYU IDAHO, ID US","2021-03-07",,,,"0.00","0.0","2.0",,"41","23","37",,,,,,,,,
"USC00107644","REXBURG BYU IDAHO, ID US","2021-03-08",,,,"0.00","0.0","0.0",,"45","23","41",,,,,,,,,
"USC00107644","REXBURG BYU IDAHO, ID US","2021-03-09",,,,"0.00","0.0","0.0",,"45","30","30",,,,,,,,,
"USC00107644","REXBURG BYU IDAHO, ID US","2021-03-10",,,,"0.00","0.0","0.0",,"38","19","35",,,,,,,,,
"USC00107644","REXBURG BYU IDAHO, ID US","2021-03-11",,,,"0.00","0.0","0.0",,"35","14","29",,,,,,,,,
"USC00107644","REXBURG BYU IDAHO, ID US","2021-03-12",,,,"0.00","0.0","0.0",,"42","9","24",,,,,,,,,
"USC00107644","REXBURG BYU IDAHO, ID US","2021-03-13",,,,"0.00","0.0","0.0",,"49","10",,,,,,,,,,
"USC00107644","REXBURG BYU IDAHO, ID US","2021-03-14",,,,"0.00","0.0","0.0",,"48","27","42",,,,,,,,,
"USC00107644","REXBURG BYU IDAHO, ID US","2021-03-15",,,,"0.00","0.0","0.0",,"47","26","39",,,,,,,,,
"USC00107644","REXBURG BYU IDAHO, ID US","2021-03-16",,,,"0.00","0.0","0.0",,"50","30","48",,,,,,,,,
"USC00107644","REXBURG BYU IDAHO, ID US","2021-03-17",,,,"0.00","0.0","0.0",,"50","25","41",,,,,,,,,
"USC00107644","REXBURG BYU IDAHO, ID US","2021-03-18",,,,"0.00","0.0","0.0",,"49","27","44",,,,,,,,,
"USC00107644","REXBURG BYU IDAHO, ID US","2021-03-19",,,,"0.00","0.0","0.0",,"55","30","48",,,,,,,,,
"USC00107644","REXBURG BYU IDAHO, ID US","2021-03-20",,,,"0.00","0.0","0.0",,"56","32",,,,,,,,,,
"USC00107644","REXBURG BYU IDAHO, ID US","2021-03-21",,,,"0.00","0.0","0.0",,"38","22","35",,,,,,,,,
"USC00107644","REXBURG BYU IDAHO, ID US","2021-03-22",,,,"0.02","1.0","1.0",,"37","26","32",,,,,,,,,
"USC00107644","REXBURG BYU IDAHO, ID US","2021-03-23",,,,"0.02","0.0","0.0",,"43","23","28",,,,,,,,,
"USC00107644","REXBURG BYU IDAHO, ID US","2021-03-24",,,,"0.00","0.0","0.0",,"43","17","27",,,,,,,,,
"USC00107644","REXBURG BYU IDAHO, ID US","2021-03-25",,,,"0.03","0.0","0.0",,"37","27","35",,,,,,,,,
"USC00107644","REXBURG BYU IDAHO, ID US","2021-03-26",,,,"0.01","0.0","0.0",,"41","23","38",,,,,,,,,
"USC00107644","REXBURG BYU IDAHO, ID US","2021-03-27",,,,,"0.0","0.0",,"51","28",,,,,,,,,,
"USC00107644","REXBURG BYU IDAHO, ID US","2021-03-28",,"    2","0.00",,"0.0","0.0",,"60","24","59",,,,,,,,,
"USC00107644","REXBURG BYU IDAHO, ID US","2021-03-29",,,,"0.00","0.0","0.0",,"60","28","28",,,,,,,,,
"USC00107644","REXBURG BYU IDAHO, ID US","2021-03-30",,,,"0.00","0.0","0.0",,"28","17","28",,,,,,,,,
"USC00107644","REXBURG BYU IDAHO, ID US","2021-03-31",,,,"0.00","0.0","0.0",,"46","18","46",,,,,,,,,
"USC00107644","REXBURG BYU IDAHO, ID US","2021-04-01",,,,"0.00","0.0","0.0",,"53","22","52",,,,,,,,,
"USC00107644","REXBURG BYU IDAHO, ID US","2021-04-02",,,,"0.00","0.0","0.0",,"66","27","65",,,,,,,,,
"USC00107644","REXBURG BYU IDAHO, ID US","2021-04-03",,,,,"0.0","0.0",,"70","22",,,,,,,,,,
"USC00107644","REXBURG BYU IDAHO, ID US","2021-04-04",,"    2","0.00",,"0.0","0.0",,"71","27","68",,,,,,,,,
"USC00107644","REXBURG BYU IDAHO, ID US","2021-04-05",,,,"0.02","0.0","0.0",,"70","41","41",,,,,,,,,
"USC00107644","REXBURG BYU IDAHO, ID US","2021-04-06",,,,"0.17","0.0","0.0",,"45","29","41",,,,,,,,,
"USC00107644","REXBURG BYU IDAHO, ID US","2021-04-07",,,,"0.01","0.0","0.0",,"55","28","54",,,,,,,,,
"USC00107644","REXBURG BYU IDAHO, ID US","2021-04-08",,,,,"0.0","0.0",,"56","28",,,,,,,,,,
"USC00107644","REXBURG BYU IDAHO, ID US","2021-04-09",,"    2","0.00",,"0.0","0.0",,"48","23","48",,,,,,,,,
"USC00107644","REXBURG BYU IDAHO, ID US","2021-04-10",,,,,"0.0","0.0",,"59","26",,,,,,,,,,
"USC00107644","REXBURG BYU IDAHO, ID US","2021-04-11",,"    2","0.00",,"0.0","0.0",,"58","27","43",,,,,,,,,
"USC00107644","REXBURG BYU IDAHO, ID US","2021-04-12",,,,"0.00","0.0","0.0",,"47","25","28",,,,,,,,,
"USC00107644","REXBURG BYU IDAHO, ID US","2021-04-13",,,,"0.00","0.0","0.0",,"50","27","43",,,,,,,,,
"USC00107644","REXBURG BYU IDAHO, ID US","2021-04-14",,,,"0.00","0.0","0.0",,"50","28","42",,,,,,,,,
"USC00107644","REXBURG BYU IDAHO, ID US","2021-04-15",,,,,"0.0","0.0",,"47","29",,,,,,,,,,
"USC00107644","REXBURG BYU IDAHO, ID US","2021-04-16",,,,,"0.0","0.0",,"52","28",,,,,,,,,,
"USC00107644","REXBURG BYU IDAHO, ID US","2021-04-17",,"    3","0.10",,"0.0","0.0",,"59","28","55",,,,,,,,,
"USC00107644","REXBURG BYU IDAHO, ID US","2021-04-18",,,,,"0.0","0.0",,"64","30",,,,,,,,,,
"USC00107644","REXBURG BYU IDAHO, ID US","2021-04-19",,"    2","0.01",,"0.0","0.0",,"65","28","30",,,,,,,,,
"USC00107644","REXBURG BYU IDAHO, ID US","2021-04-20",,,,"0.00","0.0","0.0",,"48","18","48",,,,,,,,,
"USC00107644","REXBURG BYU IDAHO, ID US","2021-04-21",,,,"0.00","0.0","0.0",,"56","24","47",,,,,,,,,
"USC00107644","REXBURG BYU IDAHO, ID US","2021-04-22",,,,"0.00","0.0","0.0",,"61","23","54",,,,,,,,,
"USC00107644","REXBURG BYU IDAHO, ID US","2021-04-23",,,,"0.05","0.0","0.0",,"60","24","53",,,,,,,,,
"USC00107644","REXBURG BYU IDAHO, ID US","2021-04-24",,,,"0.01","0.0","0.0",,"59","42","50",,,,,,,,,
"USC00107644","REXBURG BYU IDAHO, ID US","2021-04-25",,,,"0.08","0.0","0.0",,"57","40","45",,,,,,,,,
"USC00107644","REXBURG BYU IDAHO, ID US","2021-04-26",,,,"0.20","0.0","0.0",,"51","39","40",,,,,,,,,
"USC00107644","REXBURG BYU IDAHO, ID US","2021-04-27",,,,"0.13","0.0","0.0",,"57","25","57",,,,,,,,,
"USC00107644","REXBURG BYU IDAHO, ID US","2021-04-28",,,,"0.00","0.0","0.0",,"65","27","63",,,,,,,,,
"USC00107644","REXBURG BYU IDAHO, ID US","2021-04-29",,,,,"0.0","0.0",,"71","28",,,,,,,,,,
"USC00107644","REXBURG BYU IDAHO, ID US","2021-04-30",,"    2","0.00",,"0.0","0.0",,"80","42","77",,,,,,,,,
"USC00107644","REXBURG BYU IDAHO, ID US","2021-05-18",,,,,,,,"77","48",,,,,,,,,,
"USC00107644","REXBURG BYU IDAHO, ID US","2021-05-19",,,,,,,,"75","48",,,,,,,,,,
"USC00107644","REXBURG BYU IDAHO, ID US","2021-05-20",,,,,,,,"73","38",,,,,,,,,,
"USR0000IMOD","MOODY IDAHO, ID US","2021-01-01",,,,,,,"17","19","14",,,,,,,,,,
"USR0000IMOD","MOODY IDAHO, ID US","2021-01-02",,,,,,,"20","23","13",,,,,,,,,,
"USR0000IMOD","MOODY IDAHO, ID US","2021-01-03",,,,,,,"25","29","23",,,,,,,,,,
"USR0000IMOD","MOODY IDAHO, ID US","2021-01-04",,,,,,,"28","31","24",,,,,,,,,,
"USR0000IMOD","MOODY IDAHO, ID US","2021-01-05",,,,,,,"25","31","19",,,,,,,,,,
"USR0000IMOD","MOODY IDAHO, ID US","2021-01-06",,,,,,,"21","31","15",,,,,,,,,,
"USR0000IMOD","MOODY IDAHO, ID US","2021-01-07",,,,,,,"23","25","22",,,,,,,,,,
"USR0000IMOD","MOODY IDAHO, ID US","2021-01-08",,,,,,,"24","33","19",,,,,,,,,,
"USR0000IMOD","MOODY IDAHO, ID US","2021-01-09",,,,,,,"18","29","14",,,,,,,,,,
"USR0000IMOD","MOODY IDAHO, ID US","2021-01-10",,,,,,,"15","25","8",,,,,,,,,,
"USR0000IMOD","MOODY IDAHO, ID US","2021-01-11",,,,,,,"15","25","6",,,,,,,,,,
"USR0000IMOD","MOODY IDAHO, ID US","2021-01-12",,,,,,,"25","31","20",,,,,,,,,,
"USR0000IMOD","MOODY IDAHO, ID US","2021-01-13",,,,,,,"26","34","14",,,,,,,,,,
"USR0000IMOD","MOODY IDAHO, ID US","2021-01-14",,,,,,,"17","30","10",,,,,,,,,,
"USR0000IMOD","MOODY IDAHO, ID US","2021-01-15",,,,,,,"23","34","13",,,,,,,,,,
"USR0000IMOD","MOODY IDAHO, ID US","2021-01-16",,,,,,,"22","24","21",,,,,,,,,,
"USR0000IMOD","MOODY IDAHO, ID US","2021-01-17",,,,,,,"25","27","22",,,,,,,,,,
"USR0000IMOD","MOODY IDAHO, ID US","2021-01-18",,,,,,,"20","28","15",,,,,,,,,,
"USR0000IMOD","MOODY IDAHO, ID US","2021-01-19",,,,,,,"19","30","13",,,,,,,,,,
"USR0000IMOD","MOODY IDAHO, ID US","2021-01-20",,,,,,,"22","27","16",,,,,,,,,,
"USR0000IMOD","MOODY IDAHO, ID US","2021-01-21",,,,,,,"25","26","23",,,,,,,,,,
"USR0000IMOD","MOODY IDAHO, ID US","2021-01-22",,,,,,,"27","32","22",,,,,,,,,,
"USR0000IMOD","MOODY IDAHO, ID US","2021-01-23",,,,,,,"21","31","14",,,,,,,,,,
"USR0000IMOD","MOODY IDAHO, ID US","2021-01-24",,,,,,,"15","23","10",,,,,,,,,,
"USR0000IMOD","MOODY IDAHO, ID US","2021-01-25",,,,,,,"15","27","8",,,,,,,,,,
"USR0000IMOD","MOODY IDAHO, ID US","2021-01-26",,,,,,,"16","22","12",,,,,,,,,,
"USR0000IMOD","MOODY IDAHO, ID US","2021-01-27",,,,,,,"20","24","16",,,,,,,,,,
"USR0000IMOD","MOODY IDAHO, ID US","2021-01-28",,,,,,,"29","35","23",,,,,,,,,,
"USR0000IMOD","MOODY IDAHO, ID US","2021-01-29",,,,,,,"31","35","27",,,,,,,,,,
"USR0000IMOD","MOODY IDAHO, ID US","2021-01-30",,,,,,,"23","26","21",,,,,,,,,,
"USR0000IMOD","MOODY IDAHO, ID US","2021-01-31",,,,,,,"24","35","16",,,,,,,,,,
"USR0000IMOD","MOODY IDAHO, ID US","2021-02-01",,,,,,,"31","46","19",,,,,,,,,,
"USR0000IMOD","MOODY IDAHO, ID US","2021-02-02",,,,,,,"35","43","29",,,,,,,,,,
"USR0000IMOD","MOODY IDAHO, ID US","2021-02-03",,,,,,,"23","30","20",,,,,,,,,,
"USR0000IMOD","MOODY IDAHO, ID US","2021-02-04",,,,,,,"18","20","16",,,,,,,,,,
"USR0000IMOD","MOODY IDAHO, ID US","2021-02-05",,,,,,,"22","31","18",,,,,,,,,,
"USR0000IMOD","MOODY IDAHO, ID US","2021-02-06",,,,,,,"21","25","16",,,,,,,,,,
"USR0000IMOD","MOODY IDAHO, ID US","2021-02-07",,,,,,,"21","28","16",,,,,,,,,,
"USR0000IMOD","MOODY IDAHO, ID US","2021-02-08",,,,,,,"17","26","12",,,,,,,,,,
"USR0000IMOD","MOODY IDAHO, ID US","2021-02-09",,,,,,,"23","35","15",,,,,,,,,,
"USR0000IMOD","MOODY IDAHO, ID US","2021-02-10",,,,,,,"24","34","17",,,,,,,,,,
"USR0000IMOD","MOODY IDAHO, ID US","2021-02-11",,,,,,,"24","26","20",,,,,,,,,,
"USR0000IMOD","MOODY IDAHO, ID US","2021-02-12",,,,,,,"22","26","18",,,,,,,,,,
"USR0000IMOD","MOODY IDAHO, ID US","2021-02-13",,,,,,,"21","32","10",,,,,,,,,,
"USR0000IMOD","MOODY IDAHO, ID US","2021-02-14",,,,,,,"12","19","5",,,,,,,,,,
"USR0000IMOD","MOODY IDAHO, ID US","2021-02-15",,,,,,,"19","22","13",,,,,,,,,,
"USR0000IMOD","MOODY IDAHO, ID US","2021-02-16",,,,,,,"21","22","20",,,,,,,,,,
"USR0000IMOD","MOODY IDAHO, ID US","2021-02-17",,,,,,,"20","33","15",,,,,,,,,,
"USR0000IMOD","MOODY IDAHO, ID US","2021-02-18",,,,,,,"15","20","14",,,,,,,,,,
"USR0000IMOD","MOODY IDAHO, ID US","2021-02-19",,,,,,,"16","18","14",,,,,,,,,,
"USR0000IMOD","MOODY IDAHO, ID US","2021-02-20",,,,,,,"24","32","19",,,,,,,,,,
"USR0000IMOD","MOODY IDAHO, ID US","2021-02-21",,,,,,,"21","25","20",,,,,,,,,,
"USR0000IMOD","MOODY IDAHO, ID US","2021-02-22",,,,,,,"27","32","22",,,,,,,,,,
"USR0000IMOD","MOODY IDAHO, ID US","2021-02-23",,,,,,,"24","36","13",,,,,,,,,,
"USR0000IMOD","MOODY IDAHO, ID US","2021-02-24",,,,,,,"17","33","9",,,,,,,,,,
"USR0000IMOD","MOODY IDAHO, ID US","2021-02-25",,,,,,,"14","22","6",,,,,,,,,,
"USR0000IMOD","MOODY IDAHO, ID US","2021-02-26",,,,,,,"17","19","16",,,,,,,,,,
"USR0000IMOD","MOODY IDAHO, ID US","2021-02-27",,,,,,,"16","26","11",,,,,,,,,,
"USR0000IMOD","MOODY IDAHO, ID US","2021-02-28",,,,,,,"15","20","8",,,,,,,,,,
"USR0000IMOD","MOODY IDAHO, ID US","2021-03-01",,,,,,,"23","36","14",,,,,,,,,,
"USR0000IMOD","MOODY IDAHO, ID US","2021-03-02",,,,,,,"31","43","21",,,,,,,,,,
"USR0000IMOD","MOODY IDAHO, ID US","2021-03-03",,,,,,,"37","52","27",,,,,,,,,,
"USR0000IMOD","MOODY IDAHO, ID US","2021-03-04",,,,,,,"36","49","29",,,,,,,,,,
"USR0000IMOD","MOODY IDAHO, ID US","2021-03-05",,,,,,,"37","51","28",,,,,,,,,,
"USR0000IMOD","MOODY IDAHO, ID US","2021-03-06",,,,,,,"36","51","29",,,,,,,,,,
"USR0000IMOD","MOODY IDAHO, ID US","2021-03-07",,,,,,,"35","46","25",,,,,,,,,,
"USR0000IMOD","MOODY IDAHO, ID US","2021-03-08",,,,,,,"39","52","26",,,,,,,,,,
"USR0000IMOD","MOODY IDAHO, ID US","2021-03-09",,,,,,,"26","38","20",,,,,,,,,,
"USR0000IMOD","MOODY IDAHO, ID US","2021-03-10",,,,,,,"24","37","18",,,,,,,,,,
"USR0000IMOD","MOODY IDAHO, ID US","2021-03-11",,,,,,,"26","43","15",,,,,,,,,,
"USR0000IMOD","MOODY IDAHO, ID US","2021-03-12",,,,,,,"29","44","18",,,,,,,,,,
"USR0000IMOD","MOODY IDAHO, ID US","2021-03-13",,,,,,,"35","47","22",,,,,,,,,,
"USR0000IMOD","MOODY IDAHO, ID US","2021-03-14",,,,,,,"40","56","32",,,,,,,,,,
"USR0000IMOD","MOODY IDAHO, ID US","2021-03-15",,,,,,,"38","48","31",,,,,,,,,,
"USR0000IMOD","MOODY IDAHO, ID US","2021-03-16",,,,,,,"35","48","26",,,,,,,,,,
"USR0000IMOD","MOODY IDAHO, ID US","2021-03-17",,,,,,,"35","48","26",,,,,,,,,,
"USR0000IMOD","MOODY IDAHO, ID US","2021-03-18",,,,,,,"41","51","29",,,,,,,,,,
"USR0000IMOD","MOODY IDAHO, ID US","2021-03-19",,,,,,,"42","55","32",,,,,,,,,,
"USR0000IMOD","MOODY IDAHO, ID US","2021-03-20",,,,,,,"29","32","24",,,,,,,,,,
"USR0000IMOD","MOODY IDAHO, ID US","2021-03-21",,,,,,,"27","39","18",,,,,,,,,,
"USR0000IMOD","MOODY IDAHO, ID US","2021-03-22",,,,,,,"24","27","19",,,,,,,,,,
"USR0000IMOD","MOODY IDAHO, ID US","2021-03-23",,,,,,,"27","39","18",,,,,,,,,,
"USR0000IMOD","MOODY IDAHO, ID US","2021-03-24",,,,,,,"24","36","16",,,,,,,,,,
"USR0000IMOD","MOODY IDAHO, ID US","2021-03-25",,,,,,,"27","35","23",,,,,,,,,,
"USR0000IMOD","MOODY IDAHO, ID US","2021-03-26",,,,,,,"30","42","22",,,,,,,,,,
"USR0000IMOD","MOODY IDAHO, ID US","2021-03-27",,,,,,,"33","44","21",,,,,,,,,,
"USR0000IMOD","MOODY IDAHO, ID US","2021-03-28",,,,,,,"41","51","30",,,,,,,,,,
"USR0000IMOD","MOODY IDAHO, ID US","2021-03-29",,,,,,,"26","44","15",,,,,,,,,,
"USR0000IMOD","MOODY IDAHO, ID US","2021-03-30",,,,,,,"21","32","9",,,,,,,,,,
"USR0000IMOD","MOODY IDAHO, ID US","2021-03-31",,,,,,,"28","43","14",,,,,,,,,,
"USR0000IMOD","MOODY IDAHO, ID US","2021-04-01",,,,,,,"41","53","26",,,,,,,,,,
"USR0000IMOD","MOODY IDAHO, ID US","2021-04-02",,,,,,,"48","60","41",,,,,,,,,,
"USR0000IMOD","MOODY IDAHO, ID US","2021-04-03",,,,,,,"51","63","41",,,,,,,,,,
"USR0000IMOD","MOODY IDAHO, ID US","2021-04-04",,,,,,,"51","63","44",,,,,,,,,,
"USR0000IMOD","MOODY IDAHO, ID US","2021-04-05",,,,,,,"38","48","24",,,,,,,,,,
"USR0000IMOD","MOODY IDAHO, ID US","2021-04-06",,,,,,,"29","37","23",,,,,,,,,,
"USR0000IMOD","MOODY IDAHO, ID US","2021-04-07",,,,,,,"38","49","25",,,,,,,,,,
"USR0000IMOD","MOODY IDAHO, ID US","2021-04-08",,,,,,,"35","44","21",,,,,,,,,,
"USR0000IMOD","MOODY IDAHO, ID US","2021-04-09",,,,,,,"31","43","16",,,,,,,,,,
"USR0000IMOD","MOODY IDAHO, ID US","2021-04-10",,,,,,,"39","50","25",,,,,,,,,,
"USR0000IMOD","MOODY IDAHO, ID US","2021-04-11",,,,,,,"29","40","20",,,,,,,,,,
"USR0000IMOD","MOODY IDAHO, ID US","2021-04-12",,,,,,,"29","41","19",,,,,,,,,,
"USR0000IMOD","MOODY IDAHO, ID US","2021-04-13",,,,,,,"32","48","21",,,,,,,,,,
"USR0000IMOD","MOODY IDAHO, ID US","2021-04-14",,,,,,,"31","36","23",,,,,,,,,,
"USR0000IMOD","MOODY IDAHO, ID US","2021-04-15",,,,,,,"30","39","25",,,,,,,,,,
"USR0000IMOD","MOODY IDAHO, ID US","2021-04-16",,,,,,,"33","42","25",,,,,,,,,,
"USR0000IMOD","MOODY IDAHO, ID US","2021-04-17",,,,,,,"38","49","25",,,,,,,,,,
"USR0000IMOD","MOODY IDAHO, ID US","2021-04-18",,,,,,,"44","57","31",,,,,,,,,,
"USR0000IMOD","MOODY IDAHO, ID US","2021-04-19",,,,,,,"31","40","19",,,,,,,,,,
"USR0000IMOD","MOODY IDAHO, ID US","2021-04-20",,,,,,,"29","43","13",,,,,,,,,,
"USR0000IMOD","MOODY IDAHO, ID US","2021-04-21",,,,,,,"37","50","24",,,,,,,,,,
"USR0000IMOD","MOODY IDAHO, ID US","2021-04-22",,,,,,,"40","50","28",,,,,,,,,,
"USR0000IMOD","MOODY IDAHO, ID US","2021-04-23",,,,,,,"40","47","32",,,,,,,,,,
"USR0000IMOD","MOODY IDAHO, ID US","2021-04-24",,,,,,,"40","48","36",,,,,,,,,,
"USR0000IMOD","MOODY IDAHO, ID US","2021-04-25",,,,,,,"35","38","33",,,,,,,,,,
"USR0000IMOD","MOODY IDAHO, ID US","2021-04-26",,,,,,,"34","43","31",,,,,,,,,,
"USR0000IMOD","MOODY IDAHO, ID US","2021-04-27",,,,,,,"38","50","29",,,,,,,,,,
"USR0000IMOD","MOODY IDAHO, ID US","2021-04-28",,,,,,,"44","57","31",,,,,,,,,,
"USR0000IMOD","MOODY IDAHO, ID US","2021-04-29",,,,,,,"51","63","39",,,,,,,,,,
"USR0000IMOD","MOODY IDAHO, ID US","2021-04-30",,,,,,,"58","70","46",,,,,,,,,,
"USR0000IMOD","MOODY IDAHO, ID US","2021-05-01",,,,,,,"54","64","41",,,,,,,,,,
"USR0000IMOD","MOODY IDAHO, ID US","2021-05-02",,,,,,,"41","48","34",,,,,,,,,,
"USR0000IMOD","MOODY IDAHO, ID US","2021-05-03",,,,,,,"40","51","31",,,,,,,,,,
"USR0000IMOD","MOODY IDAHO, ID US","2021-05-04",,,,,,,"40","52","33",,,,,,,,,,
"USR0000IMOD","MOODY IDAHO, ID US","2021-05-05",,,,,,,"44","57","31",,,,,,,,,,
"USR0000IMOD","MOODY IDAHO, ID US","2021-05-06",,,,,,,"57","71","41",,,,,,,,,,
"USR0000IMOD","MOODY IDAHO, ID US","2021-05-07",,,,,,,"53","62","38",,,,,,,,,,
"USR0000IMOD","MOODY IDAHO, ID US","2021-05-08",,,,,,,"33","42","27",,,,,,,,,,
"USR0000IMOD","MOODY IDAHO, ID US","2021-05-09",,,,,,,"36","48","25",,,,,,,,,,
"USR0000IMOD","MOODY IDAHO, ID US","2021-05-10",,,,,,,"35","46","30",,,,,,,,,,
"USR0000IMOD","MOODY IDAHO, ID US","2021-05-11",,,,,,,"40","52","30",,,,,,,,,,
"USR0000IMOD","MOODY IDAHO, ID US","2021-05-12",,,,,,,"47","60","33",,,,,,,,,,
"USR0000IMOD","MOODY IDAHO, ID US","2021-05-13",,,,,,,"54","68","42",,,,,,,,,,
"USR0000IMOD","MOODY IDAHO, ID US","2021-05-14",,,,,,,"54","68","47",,,,,,,,,,
"USR0000IMOD","MOODY IDAHO, ID US","2021-05-15",,,,,,,"50","59","43",,,,,,,,,,
"USR0000IMOD","MOODY IDAHO, ID US","2021-05-16",,,,,,,"54","71","42",,,,,,,,,,
"USR0000IMOD","MOODY IDAHO, ID US","2021-05-17",,,,,,,"58","71","43",,,,,,,,,,
"USR0000IMOD","MOODY IDAHO, ID US","2021-05-18",,,,,,,"57","69","47",,,,,,,,,,
"USR0000IMOD","MOODY IDAHO, ID US","2021-05-19",,,,,,,"56","67","45",,,,,,,,,,
"USR0000IMOD","MOODY IDAHO, ID US","2021-05-20",,,,,,,"44","55","33",,,,,,,,,,
"USR0000IMOD","MOODY IDAHO, ID US","2021-05-21",,,,,,,"39","48","34",,,,,,,,,,
"USR0000IMOD","MOODY IDAHO, ID US","2021-05-22",,,,,,,"44","56","35",,,,,,,,,,
"USR0000IMOD","MOODY IDAHO, ID US","2021-05-23",,,,,,,"35","39","31",,,,,,,,,,
"USR0000IMOD","MOODY IDAHO, ID US","2021-05-24",,,,,,,"41","49","34",,,,,,,,,,
"USR0000IMOD","MOODY IDAHO, ID US","2021-05-25",,,,,,,"45","58","39",,,,,,,,,,
"USR0000IMOD","MOODY IDAHO, ID US","2021-05-26",,,,,,,"43","52","38",,,,,,,,,,
"USR0000IMOD","MOODY IDAHO, ID US","2021-05-27",,,,,,,"52","65","38",,,,,,,,,,
"USR0000IMOD","MOODY IDAHO, ID US","2021-05-28",,,,,,,"53","63","43",,,,,,,,,,
"USR0000IMOD","MOODY IDAHO, ID US","2021-05-29",,,,,,,"50","64","36",,,,,,,,,,
"USR0000IMOD","MOODY IDAHO, ID US","2021-05-30",,,,,,,"56","70","42",,,,,,,,,,
"USR0000IMOD","MOODY IDAHO, ID US","2021-05-31",,,,,,,"60","73","47",,,,,,,,,,
"USR0000IMOD","MOODY IDAHO, ID US","2021-06-01",,,,,,,"62","75","51",,,,,,,,,,
"USR0000IMOD","MOODY IDAHO, ID US","2021-06-02",,,,,,,"66","79","53",,,,,,,,,,
"USR0000IMOD","MOODY IDAHO, ID US","2021-06-03",,,,,,,"69","83","57",,,,,,,,,,
"USR0000IMOD","MOODY IDAHO, ID US","2021-06-04",,,,,,,"71","82","59",,,,,,,,,,
"USR0000IMOD","MOODY IDAHO, ID US","2021-06-05",,,,,,,"67","77","59",,,,,,,,,,
"USR0000IMOD","MOODY IDAHO, ID US","2021-06-06",,,,,,,"58","70","45",,,,,,,,,,
"USR0000IMOD","MOODY IDAHO, ID US","2021-06-07",,,,,,,"61","72","47",,,,,,,,,,
"USR0000IMOD","MOODY IDAHO, ID US","2021-06-08",,,,,,,"67","74","61",,,,,,,,,,
"USR0000IMOD","MOODY IDAHO, ID US","2021-06-09",,,,,,,"66","78","57",,,,,,,,,,
"USR0000IMOD","MOODY IDAHO, ID US","2021-06-10",,,,,,,"44","62","37",,,,,,,,,,
"USR0000IMOD","MOODY IDAHO, ID US","2021-06-11",,,,,,,"49","63","34",,,,,,,,,,
"USR0000IMOD","MOODY IDAHO, ID US","2021-06-12",,,,,,,"62","75","47",,,,,,,,,,
"USR0000IMOD","MOODY IDAHO, ID US","2021-06-13",,,,,,,"71","88","56",,,,,,,,,,
"USR0000IMOD","MOODY IDAHO, ID US","2021-06-14",,,,,,,"76","87","63",,,,,,,,,,
"USR0000IMOD","MOODY IDAHO, ID US","2021-06-15",,,,,,,"74","84","64",,,,,,,,,,
"USR0000IMOD","MOODY IDAHO, ID US","2021-06-16",,,,,,,"67","79","54",,,,,,,,,,
"USR0000IMOD","MOODY IDAHO, ID US","2021-06-17",,,,,,,"66","78","56",,,,,,,,,,
"USR0000IMOD","MOODY IDAHO, ID US","2021-06-18",,,,,,,"69","82","54",,,,,,,,,,
"USR0000IMOD","MOODY IDAHO, ID US","2021-06-19",,,,,,,"70","83","57",,,,,,,,,,
"USR0000IMOD","MOODY IDAHO, ID US","2021-06-20",,,,,,,"62","77","51",,,,,,,,,,
"USR0000IMOD","MOODY IDAHO, ID US","2021-06-21",,,,,,,"64","78","47",,,,,,,,,,
"USR0000IMOD","MOODY IDAHO, ID US","2021-06-22",,,,,,,"71","84","60",,,,,,,,,,
"USR0000IMOD","MOODY IDAHO, ID US","2021-06-23",,,,,,,"65","78","54",,,,,,,,,,
"USR0000IMOD","MOODY IDAHO, ID US","2021-06-24",,,,,,,"62","74","50",,,,,,,,,,
"USR0000IMOD","MOODY IDAHO, ID US","2021-06-25",,,,,,,"59","74","48",,,,,,,,,,
"USR0000IMOD","MOODY IDAHO, ID US","2021-06-26",,,,,,,"62","72","52",,,,,,,,,,
"USR0000IMOD","MOODY IDAHO, ID US","2021-06-27",,,,,,,"66","76","56",,,,,,,,,,
"USR0000IMOD","MOODY IDAHO, ID US","2021-06-28",,,,,,,"65","79","55",,,,,,,,,,
